{
    "train": {
        "accuracy": 9.605579540642148,
        "loss": 0.5201272115449902
    },
    "val": {
        "accuracy": 9.99325293871545,
        "loss": 0.6519469249794898
    },
    "step": 9
}
