step	accuracy
0	0.7884376794687489
1	1.359067052701274
2	2.11276790669836
3	3.280245861535158
4	4.838638832752217
5	5.4915073455153145
6	6.2454456493466814
7	7.978661819238513
8	8.185160686711853
9	9.605579540642148
